3d85a85f-5206-4323-8b11-3fe9e1a4218d.jpg,f2251bb0e0cf9f7f
4f883b14-7cfa-4853-8b2f-4cdb26930f39.jpg,f74f36e4811bb600
41c8af20-c72d-43ee-856e-37a0142bda9c.jpg,00fc491366ccb9f7
9590cf6d-c44b-4133-9567-072989042aed.jpg,c3019ef8e3034f3c
7c2c2bd4-0a06-4c8c-97a6-4a89ba8df7ef.jpg,01cebcd3f6cd3b80
6e237811-a4c2-4780-a913-58d61a4fb333.jpg,01cebcd3f6cd3b80
21b09576-3a3e-428b-a54b-2aaa0faf708f.jpg,c3019ef8e3034f3c
6d86f849-602d-4b38-a654-5254ee1cccc9.jpg,8ed8e61b1e7cc010
98b7f764-7048-4c1a-a9e7-88e0eeaaf703.jpg,01cebcd3f6cd3b80
9dea19a1-213d-44a8-b00d-b65f4c755f68.jpg,01cebcd3f6cd3b80
58a53007-9875-4ecf-849c-e8ae88d777da.jpg,fe431204f9c73d80
9b11a138-491a-457d-a452-729a824b7805.jpg,01473c98e2d71fb8
26655695-3e50-4b2b-ab01-089ee0e518f8.jpg,01471c99e2d71fb8
20a29727-8688-4a09-9f03-a37b65772d2a.jpg,feb2e70f1c3c9e20
f29f7a65-8682-4c77-a3c2-264c26ba083d.jpg,c3019ef8e3034f3c
9c7416b2-aa5a-445e-b16b-67f05daad1f8.jpg,f8773fe08e33678c
3310b6b4-fe9a-4a36-b5d0-62fe174bc396.jpg,01b24d3ad620ccbb
4ccc003c-a4ad-4288-bff4-64748e5d0372.jpg,413004d823c79c7f
95928e45-8acf-4dc7-90c7-fcde97309857.jpg,e30d48b469deb341
876821da-bf30-41c4-9f22-6400122ad8d2.jpg,01471c99e2d71fb8
7021b8d0-940d-41aa-bfae-5ffc715946ea.jpg,01cebcd3f6cd3b80
343f58d6-0c0d-4b32-9138-511c2d4960ac.jpg,feb2e70f1c3c9e20
15b27609-6eb0-41a2-aea6-de18db3fc89f.jpg,c3019ef8e3034f3c
c75443e7-c237-4f40-a856-4f0d3dedea82.jpg,09f79e3937304486
f1a6123d-496e-478c-946e-87824decd8b4.jpg,7ef9fe3362c0a75f
075f37f8-9303-4189-bd08-fa8a1b2ace2b.jpg,cfbdeb1719265ff0
57f9ec00-1c2a-44be-85a5-d5db920decf1.jpg,31863c72e0a3df9f
