case2.1.jpg,05dbfc4c963e60c3,30e0de0e713e00dc,443918e7e11e3ce8
case3.4.jpg,ff8e048e3820048c,fc7f0810ed2049e0,7f18e41f1e20c040
case2.2.jpg,050db649d6f06fb0,3461c00fb2fb7688,44893ef942dc310f
case5.1.jpg,ee80790367dc271e,3e40f817a040bffc,9e1881e2b56fd883
case2.3.jpg,f8bfffa60112c618,c1feffef0300e083,dee1cf1f20f08007
case4.2.jpg,801f200cd9b2654b,00ec810192095fae,f10708142f58b413
case3.1.jpg,06c00209306fc093,8e010000d630c1bf,00ba3708f023408f
case4.1.jpg,001d630ad4a059b3,00ec810192011fbe,8063879871f1678c
case3.2.jpg,06c00209306fc093,8e010000d630c1bf,00ba3708f023408f
case3.3.jpg,ff8e048e3820048c,fc7f0810ed2049e0,7f18e41f1e20c040
case4.3.jpg,e01de204c9b75933,00ec8107801f1fae,f680002cf7f8871f
case2.4.jpg,f8937ffe7d1b060c,c397fdffff274000,fe3dc38f3f7c80c1
case5.2.jpg,ce80790366dc231e,3e40fa17a040bffc,9e1881e2952fd883
