2225364_origin.jpg,b055aadfb963ec01
2225764_origin.jpg,073ca81c71e2c60b
2225694_origin.jpg,d2a992679a35caa0
2225708_origin.jpg,e2c49951076edc3b
2225722_origin.jpg,d33563468912234f
2225140_origin.jpg,5efc3937e4c0891f
2225020_origin.jpg,ae500770ee9dd952
2225523_origin.jpg,cd93052a5428448d
2225018_origin.jpg,49823c7890a0418e
2225870_origin.jpg,c48a31e60ec0bf03
2225397_origin.jpg,b36e88f18205faf0
2225132_origin.jpg,b56aa44889002046
2225788_origin.jpg,9a64c90123408428
2225254_origin.jpg,49823c7890a0418e
2225908_origin.jpg,e639e38c77c41e7f
2225724_origin.jpg,870f0f3c78f1c61f
2225050_origin.jpg,c7264e8830214882
2225532_origin.jpg,fcfd03060a943f6f
2225757_origin.jpg,2153b44b164ab00d
2225686_origin.jpg,db8419669c385183
2225014_origin.jpg,c88106cdbe214698
2225603_origin.jpg,22cd972b3164c893
2225298_origin.jpg,3ffcc0074f9e3142
2225311_origin.jpg,1e28c3d9b34540f0
2225587_origin.jpg,2183366db6e061c1
2225997_origin.jpg,942043a20f3fe0f3
2225537_origin.jpg,0f7ef4fb071c18f0
2225130_origin.jpg,42c5f9f023072488
2225606_origin.jpg,eedda24b265836cd
2225439_origin.jpg,f993631e34a0ffff
2225193_origin.jpg,fcb061c3e6dfbd7b
2225431_origin.jpg,fdc6193366c0811e
2225005_origin.jpg,013ec112c0803f1c
2225263_origin.jpg,698a94bb77ac48d1
2225778_origin.jpg,d225dba499364cc8
2225654_origin.jpg,e6cc10f1ff16c03f
2225302_origin.jpg,0f4e942953a448b9
2225891_origin.jpg,1e0922c0c00103e6
2225122_origin.jpg,d833cbf6cb9c2147
2225456_origin.jpg,cba70f5f30e096ff
2225627_origin.jpg,be7877bcc0d98327
2225793_origin.jpg,9e08b160c39f2927
2225637_origin.jpg,05cb37ef183360c0
2225121_origin.jpg,d93265eac411022e
2225941_origin.jpg,480304489830e39c
2225274_origin.jpg,0040952ef5dabf31
2225200_origin.jpg,f6f80153c690010f
2225471_origin.jpg,e6cc10f1ff16c03f
2225734_origin.jpg,23678ec0871d70a0
2225877_origin.jpg,1edd8841e047885b
2225339_origin.jpg,ffff17eed9d6bd50
2225473_origin.jpg,f8834d863a499608
2225111_origin.jpg,dd1871ce32608010
2225472_origin.jpg,f8834d863a499608
2225559_origin.jpg,1605faf50bc0e186
2225999_origin.jpg,e4d98b75ee598719
2225792_origin.jpg,f6ccb324e2d5822d
2225733_origin.jpg,205af4a2190f34e8
2225250_origin.jpg,0002fc971fe0bf7f
2225204_origin.jpg,0d3d7a8c78e1800f
2225530_origin.jpg,01be403ae180313f
2225045_origin.jpg,e5172ddeb062cd88
2225238_origin.jpg,d02049fec70e9172
2225423_origin.jpg,942043a20f3fe0f3
2225049_origin.jpg,60c1902d7b1e08f0
2225322_origin.jpg,3d9a649976e649a7
2225605_origin.jpg,3360f8c70a8777cc
2225524_origin.jpg,014084088244f9f7
2225632_origin.jpg,f1a30d0619fc801f
2225323_origin.jpg,3ee4ebc704017f62
2225149_origin.jpg,9977c68c183360c0
2225942_origin.jpg,86af0916ee5069ae
2225682_origin.jpg,0372cc99b3e79f3e
2225249_origin.jpg,07fe0cf0a10e5dfd
2225207_origin.jpg,1fa649f28833469d
2225588_origin.jpg,52a4dc291366ce98
2225856_origin.jpg,0372cc99b3e79f3e
2225251_origin.jpg,12244992264d927f
2225156_origin.jpg,f834ebc69d3063ce
2225937_origin.jpg,fed4296240804307
2225380_origin.jpg,dab7cdb0e1b20347
2225630_origin.jpg,61c3860d9b3665ca
2225011_origin.jpg,1a0458f0ef1f00f8
2225615_origin.jpg,d306e9173e6810a4
2225516_origin.jpg,fa6583388106031e
2225188_origin.jpg,9c69d2a471c79a2d
2225390_origin.jpg,181030c4a950e7df
2225501_origin.jpg,0080c003069874f3
2225108_origin.jpg,e553946b9970c860
2225903_origin.jpg,9f39f00768c6b906
2225106_origin.jpg,8819f2844afcf0c3
2225707_origin.jpg,30e6f993270b0099
2225305_origin.jpg,76fd18041eeeb10f
2225491_origin.jpg,01461c3953e0c02f
2225441_origin.jpg,0372cc99b3e79f3e
2225145_origin.jpg,f8a1026103102e7f
2225869_origin.jpg,60833d60ccd1a2c7
2225812_origin.jpg,b8c3030c305b9830
2225060_origin.jpg,9913a644cb10b346
2225526_origin.jpg,e0864d9b362cd808
2225191_origin.jpg,b0fdbf6458891699
2225407_origin.jpg,79a24c1f5efca74d
2225319_origin.jpg,ee3167fc1f60cc8a
2225718_origin.jpg,1c33668c11234e9c
2225469_origin.jpg,13264cd8b92377a0
2225243_origin.jpg,de80836ff89e61d6
2225875_origin.jpg,60833d60ccd1a2c7
2225280_origin.jpg,77cc193b57ac4c99
2225012_origin.jpg,0040952ef5dabf31
2225470_origin.jpg,e6cc10f1ff16c03f
2225976_origin.jpg,c9334fb0c01063cc
2225653_origin.jpg,dd3367e61e313176
2225247_origin.jpg,1366cc92276fc819
2225628_origin.jpg,478e1c5b843075e2
2225868_origin.jpg,a275e3d73f3b4cf0
2225226_origin.jpg,0da3f8102c76f8a3
2225907_origin.jpg,c68c59b36ed8b061
2225359_origin.jpg,ee53668d94620480
2225378_origin.jpg,618bb3410cceac39
2225210_origin.jpg,0192658a13e6ccfd
2225015_origin.jpg,3ca18a74eb072c1a
2225373_origin.jpg,8c79f280478f1f76
2225852_origin.jpg,d59c7163840c19f6
2225977_origin.jpg,778e9cab17ec5a99
2225711_origin.jpg,8c6cd8112b7cf187
2225804_origin.jpg,f2fde345870c1a20
2225791_origin.jpg,e6cc10f1ff16c03f
2225849_origin.jpg,b3e649039f3df2c0
2225393_origin.jpg,8523077e163970cc
2225943_origin.jpg,4a1404b060c38e7f
2225737_origin.jpg,c70d1b74e0e0cfbf
2225412_origin.jpg,fc710266cc9e7183
2225426_origin.jpg,3972ceafd1274992
2225712_origin.jpg,e6cc10f1ff16c03f
2225244_origin.jpg,8d1a34e8d03f4780
2225230_origin.jpg,0041120060c0c79f
2225802_origin.jpg,2347fcd83270feff
2225625_origin.jpg,e08e903552feec59
2225041_origin.jpg,dcb2798f174c8850
2225784_origin.jpg,3c3972cc9121c306
2225879_origin.jpg,03fe6180ae5f2a78
2225417_origin.jpg,eec59e3d2d5aa064
2225070_origin.jpg,1d73923844831a21
2225266_origin.jpg,9a342064c8902306
2225602_origin.jpg,c68c18706fcab567
2225275_origin.jpg,c1274c88153360c2
2225838_origin.jpg,b8c3030c305b9830
2225629_origin.jpg,1f1ef0618b962d53
2225260_origin.jpg,0e78e9136dda275e
2225798_origin.jpg,f0a141801021234f
2225972_origin.jpg,fefdfbf703c00f1e
2225367_origin.jpg,b961030c08508039
2225161_origin.jpg,00740a34e0c99b97
2225481_origin.jpg,9932451e70e2c4cd
2225839_origin.jpg,61b34dfe98314cb0
2225279_origin.jpg,bf0234aaf48b31e6
2225808_origin.jpg,011a14efc69c3183
2225430_origin.jpg,b8c3030c305b9830
2225436_origin.jpg,c39833e71faf42ce
2225920_origin.jpg,142060c8913167dc
2225756_origin.jpg,09224003ecdf7d82
2225168_origin.jpg,eeddb367ce583972
2225646_origin.jpg,c53b77ee9c39b37e
2225862_origin.jpg,def1ab07192c78f0
2225738_origin.jpg,2854a81221c68c19
2225125_origin.jpg,146c581124d085ef
2225825_origin.jpg,8af9833522cf1871
2225719_origin.jpg,e6fde2c58a172d70
2225361_origin.jpg,6204a8d3274c9a1d
2225362_origin.jpg,f9c206e8d4118b07
2225192_origin.jpg,fc21e28d9f7326cc
2225568_origin.jpg,c82b34faf7a1c01e
2225399_origin.jpg,a67dfb07cf192c00
2225182_origin.jpg,9b261f7edc69a245
2225196_origin.jpg,39f3f82749366ff8
2225747_origin.jpg,87ab77ce9c581125
2225796_origin.jpg,fdff7c12201906f1
2225465_origin.jpg,fe00eb37801f6010
2225736_origin.jpg,a2df344354b80443
2225843_origin.jpg,3972ceafd1274992
2225514_origin.jpg,0372cc99b3e79f3e
2225024_origin.jpg,c070c3344bc0017f
2225349_origin.jpg,7af4e851a3df8c27
2225578_origin.jpg,620c5c3875c99727
2225819_origin.jpg,79a24c1f5efca74d
2225321_origin.jpg,c72f48b04fb278b3
2225528_origin.jpg,61c64d0f9c3af280
2225268_origin.jpg,8d1a34e8d03f4780
2225062_origin.jpg,6993264d9f38e461
2225438_origin.jpg,79a24c1f5efca74d
2225854_origin.jpg,f993631e34a0ffff
2225086_origin.jpg,24d0a44d2cf78871
2225109_origin.jpg,cea043472ed98207
2225120_origin.jpg,03071e36e80780ff
2225785_origin.jpg,1e79e6c926ecd8d1
2225549_origin.jpg,65802bf4e00b964f
2225541_origin.jpg,0372cc99b3e79f3e
2225664_origin.jpg,01c29027dc2b48d2
2225591_origin.jpg,438000934dcffc71
2225998_origin.jpg,0372cc99b3e79f3e
2225034_origin.jpg,c60d1b74e8c1277f
2225519_origin.jpg,debcd1b367dbb067
2225248_origin.jpg,0040952ef5dabf31
2225493_origin.jpg,e0450b9265ca183f
2225721_origin.jpg,e16304081020c0c0
2225375_origin.jpg,2a17fa30658a256f
2225179_origin.jpg,00740a34e0c99b97
2225948_origin.jpg,b079c3b649397ed0
2225421_origin.jpg,f54b174abca50849
2225444_origin.jpg,f98127cf1a750a33
2225540_origin.jpg,942043a20f3fe0f3
2225957_origin.jpg,cf3d73e68c59c294
2225237_origin.jpg,009e2440f67c03c7
2225116_origin.jpg,f0411f64c0019e39
2225995_origin.jpg,fff3cc037f3864c2
2225422_origin.jpg,0122c52f59207430
2225453_origin.jpg,37f0370006fc6cd9
2225919_origin.jpg,78f61827cf1f3ec0
2225366_origin.jpg,c53b475cfb334d3b
2225160_origin.jpg,5eb461ef1c2b5afe
2225705_origin.jpg,972b57ae546180ef
2225984_origin.jpg,21478c599eb81363
2225698_origin.jpg,e6cc10f1ff16c03f
2225139_origin.jpg,0316fc193020c380
2225658_origin.jpg,0372cc99b3e79f3e
2225110_origin.jpg,c183070f1e1e3440
2225082_origin.jpg,a5df73028819e7c7
2225761_origin.jpg,cebc78f3ce19a714
2225277_origin.jpg,e1df4300ef1c33e4
2225988_origin.jpg,649a6499b60d3be4
2225992_origin.jpg,e08e903552feec59
2225199_origin.jpg,01823c70e8c38021
2225955_origin.jpg,b079c3b649397ed0
2225815_origin.jpg,0d9ee488376c907b
2225820_origin.jpg,61c689370f58a759
2225236_origin.jpg,c71f7888902146f3
2225990_origin.jpg,600264fe1b0449e0
2225029_origin.jpg,b10305186cde8323
2225235_origin.jpg,0103bef420c13f57
2225751_origin.jpg,e3e6fcf9861fb061
2225576_origin.jpg,8011e74c9932a37c
2225864_origin.jpg,79a24c1f5efca74d
2225256_origin.jpg,897240f90e709f3f
2225710_origin.jpg,e08e903552feec59
2225269_origin.jpg,7ffe017ed9b641ce
2225517_origin.jpg,4380f7ce133cc0a1
2225252_origin.jpg,9364870f1c22d49d
2225848_origin.jpg,fdc6193366c0811e
2225896_origin.jpg,24fd9aef0f983640
2225454_origin.jpg,f3eecb90ffff2842
2225748_origin.jpg,e6fde2c58a172d70
2225164_origin.jpg,3622448c33e4430f
2225626_origin.jpg,09faf70f1828c280
2225986_origin.jpg,5d3326fc88d1f306
2225405_origin.jpg,b17a578c9839e312
2225702_origin.jpg,0372cc99b3e79f3e
2225660_origin.jpg,4d8a0478f251a649
2225477_origin.jpg,07ea913b77366488
2225780_origin.jpg,9060800411c33f08
2225811_origin.jpg,a67dfb07cf192c00
2225567_origin.jpg,ee3167fc1f60cc8a
2225581_origin.jpg,030e75cad4a0019b
2225329_origin.jpg,4384efce137ec0a1
2225492_origin.jpg,80249dfaf3a6691f
2225213_origin.jpg,468c396e906df325
2225892_origin.jpg,f8834d863a499608
2225428_origin.jpg,0d9ee488376c907b
2225363_origin.jpg,f0e3c30f1f264cb1
2225016_origin.jpg,12244992264d927f
2225546_origin.jpg,3cfff4ad73b6898e
2225245_origin.jpg,498a3c79f6cd983b
2225940_origin.jpg,519fffe4083872c5
2225636_origin.jpg,d02051a3064d9227
2225817_origin.jpg,b17a578c9839e312
2225742_origin.jpg,d2891320679e6fd8
2225197_origin.jpg,f8ff1963040038e0
2225781_origin.jpg,9a64c90123408428
2225538_origin.jpg,67c6ac1977d8fcf1
2225127_origin.jpg,07fe0cf0a10f5dfd
2225360_origin.jpg,d98337cc5326ed58
2225641_origin.jpg,71fefa65c334415e
2225427_origin.jpg,1460c1f60903264d
2225141_origin.jpg,b6f46903867cfeac
2225194_origin.jpg,fe19f3e007c8ad1f
2225828_origin.jpg,e0fde70c1020cf9c
2225324_origin.jpg,11e2c609903f70c0
2225518_origin.jpg,8871ff4d023cf08f
2225902_origin.jpg,050726883fe49007
2225177_origin.jpg,9c3963c6881172c0
2225498_origin.jpg,eedd7977ecd9b77f
2225649_origin.jpg,dc1170e79e2871e7
2225092_origin.jpg,d4a14f59a65cbb76
2225416_origin.jpg,181068d0a2418e3f
2225064_origin.jpg,8819f2844afcf0c3
2225618_origin.jpg,e2c49951076edc3b
2225639_origin.jpg,942043a20f3fe0f3
2225022_origin.jpg,769429c203830e99
2225866_origin.jpg,f3eecb90ffff2842
2225169_origin.jpg,2245ae51264082bc
2225325_origin.jpg,9ee4f1072dee9c71
2225272_origin.jpg,f93be78c171e71e2
2225069_origin.jpg,c09b70811f6a9066
2225674_origin.jpg,5e372c3c68d0a001
2225342_origin.jpg,927ca2c71619b6d9
2225583_origin.jpg,2a51aa54ef5fb5aa
2225835_origin.jpg,76fd18041eeeb10f
2225107_origin.jpg,f1823fffdc324d92
2225648_origin.jpg,9c1926ec8c9035ef
2225462_origin.jpg,2bf68c73c1569c44
2225214_origin.jpg,71923dfac0866113
2225046_origin.jpg,c59831c64cdb2401
2225370_origin.jpg,10469c254b1e7cfc
2225006_origin.jpg,20df3ef34ab74d8e
2225978_origin.jpg,00c8170ed0244ffe
2225983_origin.jpg,3fa6c1a258bd44cb
2225914_origin.jpg,9d78f207e886b906
2225904_origin.jpg,e9c5891367c89f1d
2225771_origin.jpg,c2c4cd330e38634e
2225596_origin.jpg,3cf91a3122c48003
2225706_origin.jpg,8103db1665c89103
2225569_origin.jpg,4983843873e6cc99
2225443_origin.jpg,cc3973046040f2cf
2225013_origin.jpg,0002fc971fe0bf7f
2225987_origin.jpg,06fdf8b340d0e608
2225697_origin.jpg,e08e903552feec59
2225672_origin.jpg,f6ec9b1764c086f8
2225832_origin.jpg,eec59e3d2d5aa064
2225723_origin.jpg,eedda24b265836cd
2225382_origin.jpg,003fdce40041b2c8
2225117_origin.jpg,e61e0052e4880001
2225622_origin.jpg,3b46c41831a649c3
2225153_origin.jpg,e648932c5122ce3e
2225692_origin.jpg,ff0200409f79f63f
2225670_origin.jpg,07fc1932f476c992
2225831_origin.jpg,f3eecb90ffff2842
2225861_origin.jpg,9f8c011320e0c93f
2225739_origin.jpg,0933e0fe6d13a40b
2225860_origin.jpg,b3e649039f3df2c0
2225554_origin.jpg,24c008bf65bb4409
2225463_origin.jpg,cef0f9e30fb0605f
2225174_origin.jpg,8cf9c3932f5e9c01
2225052_origin.jpg,e8d5abd70f9864d9
2225185_origin.jpg,940837f28c59b6bf
2225270_origin.jpg,8d07f679af5a2d10
2225183_origin.jpg,210234ca9871e3c4
2225918_origin.jpg,010204f8e11f3ece
2225507_origin.jpg,8103070f1e3cf8f0
2225928_origin.jpg,f9c385eedf1f3664
2225229_origin.jpg,3140a08c6182356e
2225261_origin.jpg,fe3963d6c9336688
2225159_origin.jpg,031cf0ceb0e3cd7b
2225925_origin.jpg,de0c23e01f20c17c
2225281_origin.jpg,49823c7890a0418e
2225790_origin.jpg,9245fa8810e3cd18
2225826_origin.jpg,76fd18041eeeb10f
2225010_origin.jpg,1366cc92276fc819
2225043_origin.jpg,1f9ee8841ff2a56b
2225146_origin.jpg,e0d9b3678e10235c
2225656_origin.jpg,020018f0e2e9ff3e
2225806_origin.jpg,f0aa3549278e3872
2225609_origin.jpg,820d37c0d2273409
2225827_origin.jpg,1e28c3d9b34540f0
2225650_origin.jpg,e08e903552feec59
2225488_origin.jpg,3972c817eed177fc
2225448_origin.jpg,def1ab07192c78f0
2225203_origin.jpg,f8f2ff074cd11e6d
2225487_origin.jpg,249c385167c0079b
2225974_origin.jpg,e6cc10f1ff16c03f
2225047_origin.jpg,c09b70811f6a9066
2225883_origin.jpg,cef0f9e30fb0605f
2225054_origin.jpg,9f3c7bf62d1bb06f
2225589_origin.jpg,d6ecc9126cdf9920
2225661_origin.jpg,30e38f5e6cc1077f
2225975_origin.jpg,22c2bc48b3469b22
2225486_origin.jpg,1dda7cc3063fce83
2225810_origin.jpg,b36e88f18205faf0
2225758_origin.jpg,f0a7470a3cf0c30f
2225425_origin.jpg,cc3973066040f2cf
2225878_origin.jpg,1ba6244ba615e088
2225922_origin.jpg,0bf2374c00439eff
2225180_origin.jpg,0c39f205d8318f60
2225461_origin.jpg,e6cc10f1ff16c03f
2225981_origin.jpg,0372cc99b3e79f3e
2225586_origin.jpg,67ce9c1972ee5c89
2225327_origin.jpg,64c186090348b0e1
2225776_origin.jpg,0112f40810e0c3ff
2225218_origin.jpg,89136cd1669d376e
2225457_origin.jpg,f2e58907be5fba73
2225552_origin.jpg,9428d1a2458b162d
2225265_origin.jpg,b265ca91236780c7
2225993_origin.jpg,3655be6c9962c5db
2225449_origin.jpg,35e60d9b30ed9a76
2225187_origin.jpg,8a7edcf6691fa738
2225795_origin.jpg,9c6397fe3c7bf2a0
2225057_origin.jpg,e4cb17603e0e48d2
2225398_origin.jpg,3153e629d3a4c081
2225346_origin.jpg,bf66cd371f24804c
2225459_origin.jpg,03fe6180ae5f2a78
2225571_origin.jpg,f8c01f6fcc932259
2225468_origin.jpg,81b3758b16ac7983
2225735_origin.jpg,ce35ca15638006fc
2225231_origin.jpg,367cfbffad1362c6
2225685_origin.jpg,16cee47931cfbf77
2225450_origin.jpg,67ceac1977dcf4f9
2225306_origin.jpg,f2fde345870c1a20
2225663_origin.jpg,229d2c79d224c0a5
2225565_origin.jpg,620c5c3874c99725
2225677_origin.jpg,366c805eb10b468c
2225341_origin.jpg,57069c312eccddf3
2225885_origin.jpg,c09af56b94233c6b
2225337_origin.jpg,0cfdfaf58011f22f
2225872_origin.jpg,1ba6244ba615e088
2225198_origin.jpg,e7af93075e18a040
2225897_origin.jpg,f8834d863a499608
2225833_origin.jpg,8748bf7f74a8d32f
2225409_origin.jpg,074ee43958e2ffff
2225079_origin.jpg,c183070f1e1c3440
2225048_origin.jpg,f9cf0cdb3061f88f
2225533_origin.jpg,016e9c79e0df837f
2225958_origin.jpg,efccb861c38e2146
2225837_origin.jpg,e0fde70c1020cf9c
2225333_origin.jpg,7db1f0e16b962153
2225555_origin.jpg,0070c0116f9c0002
2225727_origin.jpg,031f766cd8334966
2225464_origin.jpg,c7983588705ba660
2225100_origin.jpg,b12ba38f1fbe76ec
2225239_origin.jpg,c387f4ab77431ed1
2225175_origin.jpg,264d983169d30923
2225645_origin.jpg,b36b94196750fbf6
2225620_origin.jpg,28123478c081b6ed
2225874_origin.jpg,a275e3d73f3b4cf0
2225964_origin.jpg,ffbf4b10edff8372
2225762_origin.jpg,d225db8499364cc8
2225665_origin.jpg,6dd93649d32679d2
2225035_origin.jpg,620c5c3875c99727
2225172_origin.jpg,010a35085020468c
2225683_origin.jpg,172a304386ac9873
2225823_origin.jpg,fc710266cc9e7183
2225072_origin.jpg,d1a347860e1d3a70
2225865_origin.jpg,37f0370006fc6cd9
2225287_origin.jpg,364c983063c64c31
2225644_origin.jpg,0d3c5274c1924d1b
2225144_origin.jpg,01f2cd3990e14c9b
2225675_origin.jpg,a548917ff3e44d9b
2225558_origin.jpg,cfb6cf1d126e17e8
2225135_origin.jpg,b7419b25ee583f06
2225593_origin.jpg,0372cc99b3e79f3e
2225740_origin.jpg,bef1a30f0ec8f0cc
2225745_origin.jpg,90c103c6048f32f8
2225381_origin.jpg,0f0a043860f8e493
2225131_origin.jpg,81038e1c3dfccb77
2225668_origin.jpg,67cf0e38b265ce9c
2225392_origin.jpg,f9c385eedf1f3664
2225662_origin.jpg,f6ec8b1768d0a205
2225033_origin.jpg,03e61cf10ed182fb
2225104_origin.jpg,ee95db0810fed90c
2225466_origin.jpg,014f9a75e38f170d
2225053_origin.jpg,d1a347860e1d3870
2225091_origin.jpg,ca14ff206b568913
2225845_origin.jpg,0d9ee488376c907b
2225582_origin.jpg,7eb469d28419a340
2225515_origin.jpg,aef96bfeffe6df7f
2225959_origin.jpg,00feb813ce1dbf5e
2225027_origin.jpg,58b060c992254b96
2225946_origin.jpg,0372cc99b3e79f3e
2225474_origin.jpg,f8834d863a499608
2225410_origin.jpg,a75cbc015eb067c2
2225167_origin.jpg,72ec51b6ed1b316c
2225178_origin.jpg,0041120060c0c79f
2225356_origin.jpg,8c31e041c0860d9a
2225484_origin.jpg,f2c450cf9c21439c
2225201_origin.jpg,0d3ad030e8d787f3
2225273_origin.jpg,ffe8230ff80143e0
2225446_origin.jpg,b3e649039f3df2c0
2225931_origin.jpg,de0c23e01f20c17c
2225451_origin.jpg,79a24c1f5efca74d
2225391_origin.jpg,0fbf6489123d4ab0
2225044_origin.jpg,f0c103274f9e2849
2225286_origin.jpg,51367df2c0c60936
2225489_origin.jpg,802499fef384791b
2225098_origin.jpg,dfbc79f22c1fb62f
2225743_origin.jpg,d0bd7883058fbf7e
2225614_origin.jpg,25ca344a10e2c081
2225343_origin.jpg,e8d10347ec357ed9
2225289_origin.jpg,f1438f0e1d2858b4
2225087_origin.jpg,fe993367ce910e19
2225068_origin.jpg,8d3c58f0ef1b304c
2225076_origin.jpg,ac41b3e6bf19317f
2225840_origin.jpg,71c09a7eb9f61be4
2225124_origin.jpg,f8f03903e6ec0318
2225631_origin.jpg,e6cc10f1ff16c03f
2225440_origin.jpg,942043a20f3fe0f3
2225911_origin.jpg,df02f49025aa55ab
2225078_origin.jpg,90f9678600669337
2225775_origin.jpg,19fe8411726ddaa0
2225769_origin.jpg,01fef4fbe78f1d3e
2225074_origin.jpg,64c316a44e9b36c5
2225699_origin.jpg,e1e70618302358a3
2225433_origin.jpg,0141220060c0cf9f
2225728_origin.jpg,91214ba44811b64f
2225858_origin.jpg,f98127cf1a750a33
2225126_origin.jpg,f22568d1ea17074c
2225789_origin.jpg,e00307eedc39b385
2225388_origin.jpg,07fe0cf0a10e5dfd
2225379_origin.jpg,f0a141801021234f
2225676_origin.jpg,e08e903552feec59
2225162_origin.jpg,dc3977ce8cb9e304
2225951_origin.jpg,e4d98b75ee598719
2225395_origin.jpg,e001f2240bd0b461
2225563_origin.jpg,0372cc99b3e79f3e
2225894_origin.jpg,07ea913b77366488
2225291_origin.jpg,0102346edcb0418b
2225684_origin.jpg,fb0c13e64c1bc490
2225290_origin.jpg,81078f3c7dfcab76
2225829_origin.jpg,f3eecb90ffff2842
2225296_origin.jpg,f0aa3549278e3872
2225509_origin.jpg,020408906f1dfaf4
2225097_origin.jpg,4ab9f6fc891b066c
2225030_origin.jpg,364f9cb853e74c83
2225930_origin.jpg,5d9a3c83204ef0e5
2225408_origin.jpg,61c689370f58a759
2225935_origin.jpg,f58bff0e13e00ff9
2225026_origin.jpg,885099376bd6a449
2225376_origin.jpg,b0fdbf6458891699
2225592_origin.jpg,942043a20f3fe0f3
2225945_origin.jpg,942043a20f3fe0f3
2225803_origin.jpg,ba7ffae077807f80
2225913_origin.jpg,e639e38c77c41e7f
2225949_origin.jpg,db8419669c385183
2225055_origin.jpg,e1838309173c5abc
2225932_origin.jpg,a078e7c0a07fe79e
2225598_origin.jpg,d52a79862cff52a5
2225511_origin.jpg,f9e70bb7678f9c31
2225353_origin.jpg,faf5ebc409334698
2225264_origin.jpg,d02049fec70e9172
2225659_origin.jpg,197a34c10a972dfb
2225114_origin.jpg,ece9d99721051cb0
2225522_origin.jpg,df02f49025aa55ab
2225257_origin.jpg,98618e71a6a95325
2225458_origin.jpg,03fe6180ae5f2a78
2225105_origin.jpg,032e0c0b142048b0
2225994_origin.jpg,e6cc10f1ff16c03f
2225025_origin.jpg,41a3040b1ee07ce0
2225962_origin.jpg,009e2440f67c03c7
2225312_origin.jpg,2a17fa30658a256f
2225573_origin.jpg,e08e903552feec59
2225594_origin.jpg,e6fde2c58a172d70
2225933_origin.jpg,f9c385eedf1f3664
2225051_origin.jpg,7306c874d1a44706
2225112_origin.jpg,0009800220e0df84
2225447_origin.jpg,e0450b9265ca183f
2225234_origin.jpg,7b0607cc1c63c498
2225136_origin.jpg,fbb6c18b13230e38
2225019_origin.jpg,364c983063c64c31
2225601_origin.jpg,8133e7cc824fb026
2225960_origin.jpg,c83140c2fe13224c
2225763_origin.jpg,195bb66c79d0e813
2225577_origin.jpg,e6cc10f1ff16c03f
2225365_origin.jpg,0f0a043860f8e493
2225584_origin.jpg,debd3b73764c8811
2225505_origin.jpg,e6cc10f1ff16c03f
2225544_origin.jpg,01feb365fb1640c9
2225961_origin.jpg,fec10300ff5d3264
2225640_origin.jpg,0372cc99b3e79f3e
2225899_origin.jpg,fe7901376edfb0c1
2225542_origin.jpg,fefd4304e07b3f04
2225680_origin.jpg,1679d2a469d2a449
2225536_origin.jpg,e6cc10f1ff16c03f
2225017_origin.jpg,3979f64890214786
2225118_origin.jpg,99877eec127cd2a3
2225915_origin.jpg,794284188b5db873
2225042_origin.jpg,66cd59370c79c090
2225083_origin.jpg,b94386c811be8049
2225966_origin.jpg,030e75cad4a0019b
2225316_origin.jpg,8071ebf78e1b313e
2225495_origin.jpg,dc6304281020ff7e
2225318_origin.jpg,6478f1c265c91f3f
2225000_origin.jpg,0533c48853274e82
2225512_origin.jpg,c89861f364599a25
2225730_origin.jpg,0c51dae893cdb341
2225556_origin.jpg,e6cc10f1ff16c03f
2225445_origin.jpg,e3c609167d821c31
2225147_origin.jpg,d8b1a3e70d1f7ce8
2225313_origin.jpg,60833d60ccd1a2c7
2225479_origin.jpg,24fd9aef0f983640
2225579_origin.jpg,58c13fc890773d82
2225223_origin.jpg,30cd336ce8d1a367
2225850_origin.jpg,942043a20f3fe0f3
2225186_origin.jpg,68d8b0f0e1dbb72f
2225084_origin.jpg,cbfcc123c68b2613
2225950_origin.jpg,cf3d73e68c59c294
2225058_origin.jpg,8f7ef2fdd021cee6
2225550_origin.jpg,c08d7bf3eedfbc71
2225871_origin.jpg,1edd8841e047885b
2225352_origin.jpg,ea111f70ce9d0580
2225154_origin.jpg,3e6cd834a87df34d
2225814_origin.jpg,01c2851ffc798608
2225655_origin.jpg,6bc61fb960db867d
2225152_origin.jpg,fc21e38d9f7326cc
2225021_origin.jpg,e2d61f3169d2a449
2225222_origin.jpg,26cc983169963907
2225714_origin.jpg,f0703177ef962f7f
2225309_origin.jpg,8748bf7f74a8d32f
2225285_origin.jpg,77e4dca11326cc39
2225148_origin.jpg,fcc083070e1c3870
2225979_origin.jpg,f7e6c0031f7bd0a1
2225374_origin.jpg,0f0a043860f8e493
2225917_origin.jpg,800c1bb0e9c6071e
2225330_origin.jpg,09f2e4f9f3a7c503
2225059_origin.jpg,7ce5cab16fdf3c49
2225617_origin.jpg,f4013ab4cfa37f09
2225765_origin.jpg,9327481208523ae4
2225886_origin.jpg,13264cd8b92377a0
2225969_origin.jpg,010f540a69d6397b
2225543_origin.jpg,dab403c2ac1f9066
2225701_origin.jpg,942043a20f3fe0f3
2225138_origin.jpg,b10305186cde8323
2225836_origin.jpg,1e28c3d9b34540f0
2225455_origin.jpg,39e20c1874e0c49f
2225783_origin.jpg,01c28009122c58b0
2225420_origin.jpg,71c09a7eb9f61be4
2225093_origin.jpg,cc9021936eda3459
2225384_origin.jpg,de0c23e01f20c17c
2225939_origin.jpg,75e20f291688b063
2225624_origin.jpg,1f02f81f40c0fd3f
2225071_origin.jpg,254a24c8334fa096
2225113_origin.jpg,6091050cd0e3cf9c
2225080_origin.jpg,9b33a51af0fcf1a3
2225608_origin.jpg,709f26c61831c39e
2225278_origin.jpg,12244992264d927f
2225300_origin.jpg,e0fde70c1020cf9c
2225570_origin.jpg,ffbf4b10edff8372
2225989_origin.jpg,966903d5a8448bc4
2225404_origin.jpg,6fc684699660c024
2225219_origin.jpg,3c3972cc9121c306
2225971_origin.jpg,f7e6c0031f7bd0a1
2225666_origin.jpg,f7fd93726dd8044f
2225830_origin.jpg,f3eecb90ffff2842
2225221_origin.jpg,f78d336c0140a26c
2225475_origin.jpg,9a3143f0c1d8a31f
2225794_origin.jpg,31e1e7cc091366cc
2225952_origin.jpg,b079c3b649397ed0
2225924_origin.jpg,37d60d134e306ebe
2225597_origin.jpg,43de3c1b26c08003
2225253_origin.jpg,ef030cc8840b1422
2225377_origin.jpg,f1e0870f13a65cf3
2225334_origin.jpg,1ba6244ba615e088
2225038_origin.jpg,b8b143862c159124
2225331_origin.jpg,8a29b3e409c38c19
2225503_origin.jpg,e08e903552feec59
2225623_origin.jpg,84d9f6e1063e4408
2225777_origin.jpg,063e45faf4c1c7bb
2225595_origin.jpg,ccb903064cb8f061
2225028_origin.jpg,7045eb940d9220db
2225413_origin.jpg,f3eecb90ffff2842
2225851_origin.jpg,c39833e71faf42ce
2225652_origin.jpg,3963c68001170e1c
2225534_origin.jpg,e08e903552feec59
2225909_origin.jpg,e9c5891367c89f1d
2225669_origin.jpg,7ec0030488f07f6e
2225716_origin.jpg,0372cc99b3e79f3e
2225129_origin.jpg,3af1069865dc1187
2225679_origin.jpg,98b163c609128001
2225004_origin.jpg,ecb829c297237eda
2225750_origin.jpg,016e9c583040dcbf
2225288_origin.jpg,2107acb976e9e6db
2225400_origin.jpg,b8c3030c305b9830
2225562_origin.jpg,942043a20f3fe0f3
2225504_origin.jpg,3b8e081932e4c893
2225206_origin.jpg,de6ddb7689d6b97b
2225157_origin.jpg,b0fdbf6458891699
2225807_origin.jpg,013ff8a24f8872c4
2225786_origin.jpg,3c1582c5172eba54
2225387_origin.jpg,37d60d134e306ebe
2225176_origin.jpg,ff1d472ed5336f30
2225779_origin.jpg,32b4e916e59f3f7b
2225345_origin.jpg,01421c1160fcfe87
2225255_origin.jpg,364c983063c64c31
2225846_origin.jpg,e6cc10f1ff16c03f
2225759_origin.jpg,7f0e107ff8419f64
2225553_origin.jpg,e2c48951074edc39
2225396_origin.jpg,b36e88f18205faf0
2225887_origin.jpg,e6cc10f1ff16c03f
2225693_origin.jpg,98ff928f716cae60
2225657_origin.jpg,942043a20f3fe0f3
2225215_origin.jpg,0f37e42940f0832f
2225189_origin.jpg,953b1f6ed02146a8
2225317_origin.jpg,a275e3d73f3b4cf0
2225205_origin.jpg,ba60cb167820c61f
2225967_origin.jpg,e1df4300ef1c33e4
2225709_origin.jpg,feb162c5ec130e98
2225551_origin.jpg,e08e903552feec59
2225320_origin.jpg,850b36fa70e44107
2225773_origin.jpg,e79c79f0e69d33c7
2225566_origin.jpg,66ce9c3933e4dcb9
2225150_origin.jpg,0e3d66c814996691
2225715_origin.jpg,942043a20f3fe0f3
2225510_origin.jpg,14ed02d0ed5f367e
2225816_origin.jpg,6fc684699660c024
2225077_origin.jpg,debdbb4480873b27
2225521_origin.jpg,e2cc8911660d5ab0
2225299_origin.jpg,c48a31e60ec0bf03
2225938_origin.jpg,9e3b74e38e0133e6
2225307_origin.jpg,7dbe23070c146fdc
2225460_origin.jpg,fa6d0b4c982f60c0
2225506_origin.jpg,ee9d232fd224c988
2225996_origin.jpg,9e3461f3ef1fc28c
2225863_origin.jpg,35e60d9b30ed9a76
2225128_origin.jpg,f077034fd9b367ee
2225406_origin.jpg,b17a578c9839e312
2225882_origin.jpg,e6cc10f1ff16c03f
2225284_origin.jpg,011a14efc69c3183
2225478_origin.jpg,e605099a722e5882
2225535_origin.jpg,e2c48913a30edcb8
2225857_origin.jpg,3346983469d327ce
2225889_origin.jpg,f8834d863a499608
2225574_origin.jpg,2acd960f7566c890
2225119_origin.jpg,8346cd0a3060ccbf
2225575_origin.jpg,b95b871f7ffefce0
2225912_origin.jpg,c68c59b36ed8b061
2225572_origin.jpg,c83140c2fe13224c
2225293_origin.jpg,c03b7f88126946fd
2225696_origin.jpg,017f8468d3244a94
2225246_origin.jpg,2fd2876f12a4c1fa
2225954_origin.jpg,cf3d73e68c59c294
2225947_origin.jpg,9e35f27ca15186c1
2225137_origin.jpg,08008408d2e3c183
2225158_origin.jpg,01fef4fbe78f1d3e
2225133_origin.jpg,8933e698230f7c80
2225953_origin.jpg,db8419669c385183
2225752_origin.jpg,820d37c0d2273409
2225822_origin.jpg,0d9ee488376c907b
2225867_origin.jpg,39e20c1874e0c49f
2225818_origin.jpg,b17a578c9839e312
2225402_origin.jpg,0d9ee488376c907b
2225258_origin.jpg,e2d61f3169d2a449
2225429_origin.jpg,e6cc10f1ff16c03f
2225539_origin.jpg,c9374f3e7da04986
2225508_origin.jpg,dc98a5c91123c6c0
2225782_origin.jpg,c0852bdf3e794280
2225770_origin.jpg,241b048831f609a7
2225435_origin.jpg,942043a20f3fe0f3
2225134_origin.jpg,1e7dfac00b67cfba
2225102_origin.jpg,8f7ef2fdf021cee6
2225163_origin.jpg,a54b972e1ddeb83f
2225403_origin.jpg,5d9a3c83204ef0e5
2225338_origin.jpg,9e08b160c39f2927
2225262_origin.jpg,fec10300ff5d3264
2225308_origin.jpg,013ff8a24f8872c4
2225348_origin.jpg,819e7d67ccb3618a
2225687_origin.jpg,0d9b75aa7eb86280
2225725_origin.jpg,8953a74c993263ce
2225037_origin.jpg,8d4b748812053a20
2225242_origin.jpg,de874d9a33fefc91
2225548_origin.jpg,a61d3b60024481da
2225434_origin.jpg,380068d0a2418e3f
2225414_origin.jpg,f3eecb90ffff2842
2225173_origin.jpg,84132c4a1cf8f1e3
2225691_origin.jpg,b66186cf193d7ac4
2225766_origin.jpg,4800ba27cf9e3923
2225326_origin.jpg,e6cc10f1ff16c03f
2225805_origin.jpg,7ffe017ed9b641ce
2225031_origin.jpg,063efaf08c13073b
2225411_origin.jpg,0d9ee488376c907b
2225982_origin.jpg,e4d98b75ee598719
2225220_origin.jpg,e897260d98e2dd32
2225600_origin.jpg,d33563468912234f
2225580_origin.jpg,4d83c43873e6cc99
2225096_origin.jpg,2419f2004458b07f
2225741_origin.jpg,903143c8902d3b70
2225499_origin.jpg,8c3b77ecd0879981
2225216_origin.jpg,fe4dbbc72f58302d
2225490_origin.jpg,68f1c3a60f9d3284
2225901_origin.jpg,c026059a61c83899
2225787_origin.jpg,9a64c90123408428
2225123_origin.jpg,1d7240c70129d2e4
2225927_origin.jpg,a078e7c0a07fe79e
2225557_origin.jpg,0142201060c08f3f
2225452_origin.jpg,102495fbe326891e
2225101_origin.jpg,12e06708912e41de
2225401_origin.jpg,04c9fab163c89107
2225890_origin.jpg,f8834d863a499608
2225217_origin.jpg,2fd2876f12a4c1fa
2225859_origin.jpg,e3c609167d821c31
2225970_origin.jpg,e08e903552feec59
2225704_origin.jpg,e00c09b065e1c2bd
2225754_origin.jpg,eedda24b265836cd
2225841_origin.jpg,942043a20f3fe0f3
2225372_origin.jpg,f0e3c10f1f264cb1
2225531_origin.jpg,67ceac1977fcf0f9
2225590_origin.jpg,91244996012b8600
2225755_origin.jpg,c3b70f1dbe60803f
2225209_origin.jpg,7ffce18c9364cb8c
2225638_origin.jpg,e2c58b366ddabc7c
2225332_origin.jpg,71923dfac0866113
2225482_origin.jpg,fe7901376edfb0c1
2225437_origin.jpg,d59c7163840c19f6
2225876_origin.jpg,c48a31e60ec0bf03
2225023_origin.jpg,4e8c3871d0844180
2225142_origin.jpg,f6c9832f120f1c60
2225688_origin.jpg,b079c3b649397ed0
2225513_origin.jpg,942043a20f3fe0f3
2225809_origin.jpg,b36e88f18205faf0
2225667_origin.jpg,92af71ef9c4323ff
2225720_origin.jpg,4ffe9c3973e6cc99
2225292_origin.jpg,8117c38eff334b1c
2225642_origin.jpg,0f5a3d8668f1271e
2225801_origin.jpg,50a48811674e9c34
2225726_origin.jpg,820d37c0d2273409
2225774_origin.jpg,cb976f1fbe74c024
2225225_origin.jpg,0d629db649b28e37
2225008_origin.jpg,012ad408913c6280
2225073_origin.jpg,ba472e08f144b8c8
2225797_origin.jpg,2219040c70e2d0a5
2225772_origin.jpg,0018770760dd3f73
2225295_origin.jpg,7d838f0f7de04c99
2225923_origin.jpg,e00344c8850f3003
2225241_origin.jpg,9a342064c8902306
2225310_origin.jpg,0c5978b063c7c8a6
2225497_origin.jpg,06040ab0ef5db2ed
2225314_origin.jpg,8af9833522cf1871
2225847_origin.jpg,b8c3030c305b9830
2225007_origin.jpg,f707b9132478e9c0
2225525_origin.jpg,e9c5891367c89f1d
2225855_origin.jpg,942043a20f3fe0f3
2225678_origin.jpg,e6cc10f1ff16c03f
2225358_origin.jpg,c8d0b37affcc8b7f
2225611_origin.jpg,39c710ebac710a53
2225347_origin.jpg,8317ffec59a247e5
2225211_origin.jpg,032d52c8300130e2
2225634_origin.jpg,9f345b3660904182
2225394_origin.jpg,a078e7c0a07fe79e
2225350_origin.jpg,028ecc38f0e45b97
2225442_origin.jpg,3346983469d327ce
2225824_origin.jpg,8748bf7f74a8d32f
2225088_origin.jpg,0b171f7632e850af
2225232_origin.jpg,2f468c2893265dba
2225884_origin.jpg,fe00eb37801f6010
2225821_origin.jpg,a75cbc015eb067c2
2225184_origin.jpg,61c340ac110679f4
2225233_origin.jpg,09020428117ebd49
2225651_origin.jpg,b82366ce9c11a352
2225813_origin.jpg,edc31fef18906080
2225283_origin.jpg,0c7c60c10013064c
2225560_origin.jpg,c993274dba354c98
2225496_origin.jpg,035e38f3e0df837f
2225271_origin.jpg,1366cc92276fc819
2225335_origin.jpg,ef49920df3277e88
2225749_origin.jpg,1bfe8411726ddaa0
2225369_origin.jpg,d0206e912851a246
2225731_origin.jpg,0b8b7cf9ce936dbe
2225354_origin.jpg,181038c4a140cf9f
2225267_origin.jpg,31eedd3a65dbb66d
2225717_origin.jpg,e4d98b75ee598719
2225956_origin.jpg,db8419669c385183
2225303_origin.jpg,66dd9a35e3c4a913
2225063_origin.jpg,79e76cc9922250a8
2225703_origin.jpg,e4d98b75ee598719
2225732_origin.jpg,29f60ebed439c387
2225985_origin.jpg,21738ef851278266
2225301_origin.jpg,bc79d326c9172bb6
2225633_origin.jpg,d902c78c11c3b60d
2225713_origin.jpg,0f0bb60c1534d28c
2225610_origin.jpg,e1cb16af1a353e00
2225980_origin.jpg,942043a20f3fe0f3
2225965_origin.jpg,897240f90e709f3f
2225547_origin.jpg,380068d0a2c18e3f
2225529_origin.jpg,e639e38c77c41e7f
2225371_origin.jpg,110b823161c882ff
2225166_origin.jpg,26cc983169961126
2225880_origin.jpg,03fe6180ae5f2a78
2225155_origin.jpg,3a7460b070a20503
2225424_origin.jpg,942043a20f3fe0f3
2225921_origin.jpg,e08e903552feec59
2225695_origin.jpg,6fda372903366c88
2225905_origin.jpg,01be403ae180313f
2225208_origin.jpg,599227ecd123577f
2225228_origin.jpg,33479c2913e6cf39
2225916_origin.jpg,7ef9c60324dd3360
2225968_origin.jpg,ef030cc8840b1422
2225304_origin.jpg,18e23de4162d5e01
2225973_origin.jpg,699205fa768120ff
2225673_origin.jpg,e3c488103f6bd6bc
2225170_origin.jpg,e897260d98e2dd33
2225061_origin.jpg,61e3050b195ea809
2225799_origin.jpg,bedd31c2e44f031e
2225002_origin.jpg,1d3a64ea94214386
2225171_origin.jpg,0728d488932f7f98
2225480_origin.jpg,f8834d863a499608
2225545_origin.jpg,73c69c5bb762cd9a
2225888_origin.jpg,e6cc10f1ff16c03f
2225612_origin.jpg,daa103d02c5f9066
2225767_origin.jpg,b8a3479a70ac4103
2225906_origin.jpg,df02f49025aa55ab
2225527_origin.jpg,c9b60813a2fcf973
2225607_origin.jpg,00c000750ed83cc1
2225681_origin.jpg,942043a20f3fe0f3
2225190_origin.jpg,031cf0ceb0e3cd7b
2225075_origin.jpg,5da045b843ef1021
2225115_origin.jpg,198324f255af4f1f
2225744_origin.jpg,870298f76fd5a0c9
2225926_origin.jpg,5d9a3c83204ef0e5
2225760_origin.jpg,e5c3871f3f3c6cf8
2225599_origin.jpg,2b460c58b061c6f9
2225143_origin.jpg,cc18bf07c818a255
2225294_origin.jpg,e2d61f3169d2a449
2225768_origin.jpg,4cd26c91a3469c7b
2225056_origin.jpg,3861ca956ec1932f
2225934_origin.jpg,3d7a9464eb5f9220
2225003_origin.jpg,9160cc99002f56f8
2225418_origin.jpg,b8c3030c305b9830
2225065_origin.jpg,ba472e08f144b8c8
2225240_origin.jpg,f18335ca10e0004f
2225483_origin.jpg,fe7901376edfb0c1
2225089_origin.jpg,8c3d6bc0a153061c
2225085_origin.jpg,9d172ef8f00be186
2225900_origin.jpg,4d920f3e3c62d4e8
2225616_origin.jpg,e7cf0f3460e2dcb9
2225351_origin.jpg,9c3b67c6c8112160
2225386_origin.jpg,7ffc150b881f3c60
2225067_origin.jpg,f1a3074e990e3912
2225224_origin.jpg,8108973e65d83143
2225344_origin.jpg,000cf8d12ffbc691
2225689_origin.jpg,69f3ae54e8167db2
2225690_origin.jpg,cf3d73e68c59c294
2225001_origin.jpg,6000f81fe04fc0bf
2225259_origin.jpg,fff67c8810033830
2225898_origin.jpg,fe7901376edfb0c1
2225834_origin.jpg,8af9833522cf1871
2225494_origin.jpg,cc3973046040f2cf
2225328_origin.jpg,3bfac7278f1c40e0
2225340_origin.jpg,68d2a481064f8976
2225081_origin.jpg,2963c6a419902543
2225671_origin.jpg,c82241ca1400804f
2225844_origin.jpg,1460c1f60903264d
2225336_origin.jpg,3fdfbefc9b3063cc
2225842_origin.jpg,942043a20f3fe0f3
2225963_origin.jpg,668c50a19f7feef8
2225195_origin.jpg,873f788a90634ce2
2225853_origin.jpg,79a24c1f5efca74d
2225165_origin.jpg,fcb061c3e6dfbd7b
2225635_origin.jpg,00feb813ce1dbf5e
2225368_origin.jpg,9f33478a94214384
2225090_origin.jpg,c183070f1e1c3440
2225415_origin.jpg,f3eecb90ffff2842
2225476_origin.jpg,bec50a13e6d8b366
2225895_origin.jpg,e605099a722e5882
2225467_origin.jpg,c09af56b94233c6b
2225383_origin.jpg,031cf0ceb0e3cd7b
2225227_origin.jpg,012e9c39e0ff817f
2225729_origin.jpg,1240881361c69d7f
2225910_origin.jpg,01be403ae180313f
2225800_origin.jpg,09e7f80740ccbf7d
2225944_origin.jpg,1b3766002044c0b1
2225881_origin.jpg,fa6d0b4c982f60c0
2225009_origin.jpg,d3220d08f063ce98
2225151_origin.jpg,7ef083c7893ff880
2225893_origin.jpg,bec50a13e6d8b366
2225039_origin.jpg,8e1df264e08011e4
2225040_origin.jpg,91220669d234c993
2225873_origin.jpg,f2e58907be5fba73
2225095_origin.jpg,2fc090658b0116f8
2225613_origin.jpg,668c50a19f7feef8
2225385_origin.jpg,f1e0870f13a658f3
2225746_origin.jpg,4213372e6c9837f9
2225282_origin.jpg,c78823eef030608c
2225202_origin.jpg,c31f6c88902146f1
2225520_origin.jpg,c68c59b36ed8b061
2225419_origin.jpg,61b34dfe98314cb0
2225355_origin.jpg,967dffde80000122
2225389_origin.jpg,0f0a043860f8e493
2225094_origin.jpg,9a21d8c70f7b4897
2225561_origin.jpg,b745bbe8bf6a85c8
2225032_origin.jpg,c68d3a3168d08c03
2225485_origin.jpg,4d920f3e3c62d4e8
2225500_origin.jpg,f9f3c7860d3b34c8
2225700_origin.jpg,f0e60913e6d0010e
2225036_origin.jpg,27cc9821c30c5bfe
2225929_origin.jpg,37d60d134e306ebe
2225066_origin.jpg,251ab60c59f2cc1b
2225647_origin.jpg,46f449172cd8dc31
2225604_origin.jpg,c81523f6ccb34593
2225619_origin.jpg,e2d4a9d3a74f9e3c
2225936_origin.jpg,e6cc10f1ff16c03f
2225753_origin.jpg,d33563468912234f
2225212_origin.jpg,5912b162c0872d23
2225502_origin.jpg,a71f78e065116fbe
2225297_origin.jpg,9c0973e64c19b344
2225621_origin.jpg,264c9830e1d2a549
2225643_origin.jpg,0f1a34f9c3a70f2f
2225181_origin.jpg,7ce40b36e8055ba6
2225315_origin.jpg,1edd8841e047885b
2225564_origin.jpg,07ee0c78a10f5dfc
2225432_origin.jpg,b3e649039f3df2c0
2225103_origin.jpg,873d93c62d1b3260
2225276_origin.jpg,0002fc971fe0bf7f
2225357_origin.jpg,ec9da3df1f0a5cf9
2225585_origin.jpg,650a5c37cc1b3e68
2225099_origin.jpg,4b13ccb9f31fe088
