20a29727-8688-4a09-9f03-a37b65772d2a.jpg,1
41c8af20-c72d-43ee-856e-37a0142bda9c.jpg,1
9590cf6d-c44b-4133-9567-072989042aed.jpg,3
57f9ec00-1c2a-44be-85a5-d5db920decf1.jpg,1
4f883b14-7cfa-4853-8b2f-4cdb26930f39.jpg,1
6e237811-a4c2-4780-a913-58d61a4fb333.jpg,4
c75443e7-c237-4f40-a856-4f0d3dedea82.jpg,1
876821da-bf30-41c4-9f22-6400122ad8d2.jpg,2
95928e45-8acf-4dc7-90c7-fcde97309857.jpg,1
9c7416b2-aa5a-445e-b16b-67f05daad1f8.jpg,1
3d85a85f-5206-4323-8b11-3fe9e1a4218d.jpg,1
4ccc003c-a4ad-4288-bff4-64748e5d0372.jpg,1
f1a6123d-496e-478c-946e-87824decd8b4.jpg,1
58a53007-9875-4ecf-849c-e8ae88d777da.jpg,1
075f37f8-9303-4189-bd08-fa8a1b2ace2b.jpg,1
6d86f849-602d-4b38-a654-5254ee1cccc9.jpg,1
3310b6b4-fe9a-4a36-b5d0-62fe174bc396.jpg,1
